"filename", "language", "YAML", "Swift", "C++", "Markdown", "XML", "JSON", "Dart", "Properties", "Groovy", "HTML", "comment", "blank", "total"
"d:\agiaann\flutter-clean-architecture-instagram-1\.github\workflows\ci.yml", "YAML", 42, 0, 0, 0, 0, 0, 0, 0, 0, 0, 8, 9, 59
"d:\agiaann\flutter-clean-architecture-instagram-1\.github\workflows\firebase-hosting-merge.yml", "YAML", 24, 0, 0, 0, 0, 0, 0, 0, 0, 0, 3, 1, 28
"d:\agiaann\flutter-clean-architecture-instagram-1\.github\workflows\firebase-hosting-pull-request.yml", "YAML", 21, 0, 0, 0, 0, 0, 0, 0, 0, 0, 2, 1, 24
"d:\agiaann\flutter-clean-architecture-instagram-1\.github\workflows\pull-request-ci.yml", "YAML", 17, 0, 0, 0, 0, 0, 0, 0, 0, 0, 0, 0, 17
"d:\agiaann\flutter-clean-architecture-instagram-1\.github\workflows\releases.yml", "YAML", 28, 0, 0, 0, 0, 0, 0, 0, 0, 0, 6, 2, 36
"d:\agiaann\flutter-clean-architecture-instagram-1\README.md", "Markdown", 0, 0, 0, 158, 0, 0, 0, 0, 0, 0, 0, 57, 215
"d:\agiaann\flutter-clean-architecture-instagram-1\analysis_options.yaml", "YAML", 3, 0, 0, 0, 0, 0, 0, 0, 0, 0, 23, 4, 30
"d:\agiaann\flutter-clean-architecture-instagram-1\android\app\build.gradle", "Groovy", 0, 0, 0, 0, 0, 0, 0, 0, 74, 0, 7, 16, 97
"d:\agiaann\flutter-clean-architecture-instagram-1\android\app\src\debug\AndroidManifest.xml", "XML", 0, 0, 0, 0, 4, 0, 0, 0, 0, 0, 4, 1, 9
"d:\agiaann\flutter-clean-architecture-instagram-1\android\app\src\main\AndroidManifest.xml", "XML", 0, 0, 0, 0, 56, 0, 0, 0, 0, 0, 7, 5, 68
"d:\agiaann\flutter-clean-architecture-instagram-1\android\app\src\main\res\drawable-v21\launch_background.xml", "XML", 0, 0, 0, 0, 4, 0, 0, 0, 0, 0, 7, 2, 13
"d:\agiaann\flutter-clean-architecture-instagram-1\android\app\src\main\res\drawable\launch_background.xml", "XML", 0, 0, 0, 0, 9, 0, 0, 0, 0, 0, 2, 2, 13
"d:\agiaann\flutter-clean-architecture-instagram-1\android\app\src\main\res\mipmap-anydpi-v26\ic_launcher.xml", "XML", 0, 0, 0, 0, 5, 0, 0, 0, 0, 0, 0, 1, 6
"d:\agiaann\flutter-clean-architecture-instagram-1\android\app\src\main\res\raw\keep.xml", "XML", 0, 0, 0, 0, 4, 0, 0, 0, 0, 0, 0, 0, 4
"d:\agiaann\flutter-clean-architecture-instagram-1\android\app\src\main\res\values-night\styles.xml", "XML", 0, 0, 0, 0, 9, 0, 0, 0, 0, 0, 9, 1, 19
"d:\agiaann\flutter-clean-architecture-instagram-1\android\app\src\main\res\values\colors.xml", "XML", 0, 0, 0, 0, 4, 0, 0, 0, 0, 0, 0, 0, 4
"d:\agiaann\flutter-clean-architecture-instagram-1\android\app\src\main\res\values\styles.xml", "XML", 0, 0, 0, 0, 9, 0, 0, 0, 0, 0, 9, 1, 19
"d:\agiaann\flutter-clean-architecture-instagram-1\android\app\src\profile\AndroidManifest.xml", "XML", 0, 0, 0, 0, 4, 0, 0, 0, 0, 0, 4, 1, 9
"d:\agiaann\flutter-clean-architecture-instagram-1\android\build.gradle", "Groovy", 0, 0, 0, 0, 0, 0, 0, 0, 29, 0, 0, 6, 35
"d:\agiaann\flutter-clean-architecture-instagram-1\android\gradle.properties", "Properties", 0, 0, 0, 0, 0, 0, 0, 3, 0, 0, 0, 1, 4
"d:\agiaann\flutter-clean-architecture-instagram-1\android\gradle\wrapper\gradle-wrapper.properties", "Properties", 0, 0, 0, 0, 0, 0, 0, 5, 0, 0, 0, 1, 6
"d:\agiaann\flutter-clean-architecture-instagram-1\android\settings.gradle", "Groovy", 0, 0, 0, 0, 0, 0, 0, 0, 8, 0, 0, 4, 12
"d:\agiaann\flutter-clean-architecture-instagram-1\assets\icons\activity.svg", "XML", 0, 0, 0, 0, 1, 0, 0, 0, 0, 0, 0, 0, 1
"d:\agiaann\flutter-clean-architecture-instagram-1\assets\icons\add-2.svg", "XML", 0, 0, 0, 0, 1, 0, 0, 0, 0, 0, 0, 0, 1
"d:\agiaann\flutter-clean-architecture-instagram-1\assets\icons\add-instagram-story.svg", "XML", 0, 0, 0, 0, 1, 0, 0, 0, 0, 0, 0, 0, 1
"d:\agiaann\flutter-clean-architecture-instagram-1\assets\icons\add.svg", "XML", 0, 0, 0, 0, 1, 0, 0, 0, 0, 0, 0, 0, 1
"d:\agiaann\flutter-clean-architecture-instagram-1\assets\icons\archive.svg", "XML", 0, 0, 0, 0, 1, 0, 0, 0, 0, 0, 0, 0, 1
"d:\agiaann\flutter-clean-architecture-instagram-1\assets\icons\birthday-cake.svg", "XML", 0, 0, 0, 0, 1, 0, 0, 0, 0, 0, 0, 0, 1
"d:\agiaann\flutter-clean-architecture-instagram-1\assets\icons\calendar.svg", "XML", 0, 0, 0, 0, 1, 0, 0, 0, 0, 0, 0, 0, 1
"d:\agiaann\flutter-clean-architecture-instagram-1\assets\icons\cancel.svg", "XML", 0, 0, 0, 0, 1, 0, 0, 0, 0, 0, 0, 0, 1
"d:\agiaann\flutter-clean-architecture-instagram-1\assets\icons\cancel_blod.svg", "XML", 0, 0, 0, 0, 1, 0, 0, 0, 0, 0, 0, 0, 1
"d:\agiaann\flutter-clean-architecture-instagram-1\assets\icons\check-circle.svg", "XML", 0, 0, 0, 0, 1, 0, 0, 0, 0, 0, 0, 0, 1
"d:\agiaann\flutter-clean-architecture-instagram-1\assets\icons\circle.svg", "XML", 0, 0, 0, 0, 1, 0, 0, 0, 0, 0, 0, 0, 1
"d:\agiaann\flutter-clean-architecture-instagram-1\assets\icons\close_friends.svg", "XML", 0, 0, 0, 0, 1, 0, 0, 0, 0, 0, 0, 0, 1
"d:\agiaann\flutter-clean-architecture-instagram-1\assets\icons\comment.svg", "XML", 0, 0, 0, 0, 1, 0, 0, 0, 0, 0, 0, 0, 1
"d:\agiaann\flutter-clean-architecture-instagram-1\assets\icons\compass.svg", "XML", 0, 0, 0, 0, 1, 0, 0, 0, 0, 0, 0, 0, 1
"d:\agiaann\flutter-clean-architecture-instagram-1\assets\icons\favorite.svg", "XML", 0, 0, 0, 0, 1, 0, 0, 0, 0, 0, 0, 0, 1
"d:\agiaann\flutter-clean-architecture-instagram-1\assets\icons\flip.svg", "XML", 0, 0, 0, 0, 1, 0, 0, 0, 0, 0, 0, 0, 1
"d:\agiaann\flutter-clean-architecture-instagram-1\assets\icons\gallery.svg", "XML", 0, 0, 0, 0, 1, 0, 0, 0, 0, 0, 0, 0, 1
"d:\agiaann\flutter-clean-architecture-instagram-1\assets\icons\gallery_blod.svg", "XML", 0, 0, 0, 0, 1, 0, 0, 0, 0, 0, 0, 0, 1
"d:\agiaann\flutter-clean-architecture-instagram-1\assets\icons\grid.svg", "XML", 0, 0, 0, 0, 5, 0, 0, 0, 0, 0, 0, 0, 5
"d:\agiaann\flutter-clean-architecture-instagram-1\assets\icons\heart.svg", "XML", 0, 0, 0, 0, 1, 0, 0, 0, 0, 0, 0, 0, 1
"d:\agiaann\flutter-clean-architecture-instagram-1\assets\icons\house_black.svg", "XML", 0, 0, 0, 0, 1, 0, 0, 0, 0, 0, 0, 0, 1
"d:\agiaann\flutter-clean-architecture-instagram-1\assets\icons\house_white.svg", "XML", 0, 0, 0, 0, 1, 0, 0, 0, 0, 0, 0, 0, 1
"d:\agiaann\flutter-clean-architecture-instagram-1\assets\icons\instagram-highlight-story.svg", "XML", 0, 0, 0, 0, 1, 0, 0, 0, 0, 0, 0, 0, 1
"d:\agiaann\flutter-clean-architecture-instagram-1\assets\icons\instagram.svg", "XML", 0, 0, 0, 0, 1, 0, 0, 0, 0, 0, 0, 0, 1
"d:\agiaann\flutter-clean-architecture-instagram-1\assets\icons\link.svg", "XML", 0, 0, 0, 0, 1, 0, 0, 0, 0, 0, 0, 0, 1
"d:\agiaann\flutter-clean-architecture-instagram-1\assets\icons\live-streaming.svg", "XML", 0, 0, 0, 0, 1, 0, 0, 0, 0, 0, 0, 0, 1
"d:\agiaann\flutter-clean-architecture-instagram-1\assets\icons\logo_instagram.svg", "XML", 0, 0, 0, 0, 4, 0, 0, 0, 0, 0, 0, 1, 5
"d:\agiaann\flutter-clean-architecture-instagram-1\assets\icons\menu.svg", "XML", 0, 0, 0, 0, 1, 0, 0, 0, 0, 0, 0, 0, 1
"d:\agiaann\flutter-clean-architecture-instagram-1\assets\icons\menu_h.svg", "XML", 0, 0, 0, 0, 1, 0, 0, 0, 0, 0, 0, 0, 1
"d:\agiaann\flutter-clean-architecture-instagram-1\assets\icons\menu_horizontal.svg", "XML", 0, 0, 0, 0, 2, 0, 0, 0, 0, 0, 0, 0, 2
"d:\agiaann\flutter-clean-architecture-instagram-1\assets\icons\messenger.svg", "XML", 0, 0, 0, 0, 1, 0, 0, 0, 0, 0, 0, 0, 1
"d:\agiaann\flutter-clean-architecture-instagram-1\assets\icons\microphone.svg", "XML", 0, 0, 0, 0, 1, 0, 0, 0, 0, 0, 0, 0, 1
"d:\agiaann\flutter-clean-architecture-instagram-1\assets\icons\microphone_black.svg", "XML", 0, 0, 0, 0, 1, 0, 0, 0, 0, 0, 0, 0, 1
"d:\agiaann\flutter-clean-architecture-instagram-1\assets\icons\minus.svg", "XML", 0, 0, 0, 0, 1, 0, 0, 0, 0, 0, 0, 0, 1
"d:\agiaann\flutter-clean-architecture-instagram-1\assets\icons\paper-plane-right.svg", "XML", 0, 0, 0, 0, 1, 0, 0, 0, 0, 0, 0, 0, 1
"d:\agiaann\flutter-clean-architecture-instagram-1\assets\icons\paper_plane_right.svg", "XML", 0, 0, 0, 0, 1, 0, 0, 0, 0, 0, 0, 0, 1
"d:\agiaann\flutter-clean-architecture-instagram-1\assets\icons\paper_plane_right_blod.svg", "XML", 0, 0, 0, 0, 1, 0, 0, 0, 0, 0, 0, 0, 1
"d:\agiaann\flutter-clean-architecture-instagram-1\assets\icons\phone.svg", "XML", 0, 0, 0, 0, 1, 0, 0, 0, 0, 0, 0, 0, 1
"d:\agiaann\flutter-clean-architecture-instagram-1\assets\icons\phone_blod.svg", "XML", 0, 0, 0, 0, 1, 0, 0, 0, 0, 0, 0, 0, 1
"d:\agiaann\flutter-clean-architecture-instagram-1\assets\icons\plus.svg", "XML", 0, 0, 0, 0, 1, 0, 0, 0, 0, 0, 0, 0, 1
"d:\agiaann\flutter-clean-architecture-instagram-1\assets\icons\profile.svg", "XML", 0, 0, 0, 0, 1, 0, 0, 0, 0, 0, 0, 0, 1
"d:\agiaann\flutter-clean-architecture-instagram-1\assets\icons\qr-code1.svg", "XML", 0, 0, 0, 0, 1, 0, 0, 0, 0, 0, 0, 0, 1
"d:\agiaann\flutter-clean-architecture-instagram-1\assets\icons\qr-code2.svg", "XML", 0, 0, 0, 0, 1, 0, 0, 0, 0, 0, 0, 0, 1
"d:\agiaann\flutter-clean-architecture-instagram-1\assets\icons\save.svg", "XML", 0, 0, 0, 0, 1, 0, 0, 0, 0, 0, 0, 0, 1
"d:\agiaann\flutter-clean-architecture-instagram-1\assets\icons\search.svg", "XML", 0, 0, 0, 0, 1, 0, 0, 0, 0, 0, 0, 0, 1
"d:\agiaann\flutter-clean-architecture-instagram-1\assets\icons\send.svg", "XML", 0, 0, 0, 0, 1, 0, 0, 0, 0, 0, 0, 0, 1
"d:\agiaann\flutter-clean-architecture-instagram-1\assets\icons\settings.svg", "XML", 0, 0, 0, 0, 1, 0, 0, 0, 0, 0, 0, 0, 1
"d:\agiaann\flutter-clean-architecture-instagram-1\assets\icons\share-circle.svg", "XML", 0, 0, 0, 0, 1, 0, 0, 0, 0, 0, 0, 0, 1
"d:\agiaann\flutter-clean-architecture-instagram-1\assets\icons\share.svg", "XML", 0, 0, 0, 0, 1, 0, 0, 0, 0, 0, 0, 0, 1
"d:\agiaann\flutter-clean-architecture-instagram-1\assets\icons\shop_black.svg", "XML", 0, 0, 0, 0, 1, 0, 0, 0, 0, 0, 0, 0, 1
"d:\agiaann\flutter-clean-architecture-instagram-1\assets\icons\shop_white.svg", "XML", 0, 0, 0, 0, 1, 0, 0, 0, 0, 0, 0, 0, 1
"d:\agiaann\flutter-clean-architecture-instagram-1\assets\icons\sticker.svg", "XML", 0, 0, 0, 0, 1, 0, 0, 0, 0, 0, 0, 0, 1
"d:\agiaann\flutter-clean-architecture-instagram-1\assets\icons\sticker_black.svg", "XML", 0, 0, 0, 0, 1, 0, 0, 0, 0, 0, 0, 0, 1
"d:\agiaann\flutter-clean-architecture-instagram-1\assets\icons\sticker_blod.svg", "XML", 0, 0, 0, 0, 1, 0, 0, 0, 0, 0, 0, 0, 1
"d:\agiaann\flutter-clean-architecture-instagram-1\assets\icons\video.svg", "XML", 0, 0, 0, 0, 1, 0, 0, 0, 0, 0, 0, 0, 1
"d:\agiaann\flutter-clean-architecture-instagram-1\assets\icons\video_point.svg", "XML", 0, 0, 0, 0, 1, 0, 0, 0, 0, 0, 0, 0, 1
"d:\agiaann\flutter-clean-architecture-instagram-1\assets\icons\warning.svg", "XML", 0, 0, 0, 0, 1, 0, 0, 0, 0, 0, 0, 0, 1
"d:\agiaann\flutter-clean-architecture-instagram-1\assets\splash\instagram-icon-splash.svg", "XML", 0, 0, 0, 0, 1, 0, 0, 0, 0, 0, 0, 0, 1
"d:\agiaann\flutter-clean-architecture-instagram-1\ios\Runner\AppDelegate.swift", "Swift", 0, 12, 0, 0, 0, 0, 0, 0, 0, 0, 0, 2, 14
"d:\agiaann\flutter-clean-architecture-instagram-1\ios\Runner\Assets.xcassets\AppIcon.appiconset\Contents.json", "JSON", 0, 0, 0, 0, 0, 122, 0, 0, 0, 0, 0, 1, 123
"d:\agiaann\flutter-clean-architecture-instagram-1\ios\Runner\Assets.xcassets\LaunchImage.imageset\Contents.json", "JSON", 0, 0, 0, 0, 0, 23, 0, 0, 0, 0, 0, 1, 24
"d:\agiaann\flutter-clean-architecture-instagram-1\ios\Runner\Assets.xcassets\LaunchImage.imageset\README.md", "Markdown", 0, 0, 0, 3, 0, 0, 0, 0, 0, 0, 0, 2, 5
"d:\agiaann\flutter-clean-architecture-instagram-1\ios\Runner\Base.lproj\LaunchScreen.storyboard", "XML", 0, 0, 0, 0, 36, 0, 0, 0, 0, 0, 1, 1, 38
"d:\agiaann\flutter-clean-architecture-instagram-1\ios\Runner\Base.lproj\Main.storyboard", "XML", 0, 0, 0, 0, 25, 0, 0, 0, 0, 0, 1, 1, 27
"d:\agiaann\flutter-clean-architecture-instagram-1\ios\Runner\Runner-Bridging-Header.h", "C++", 0, 0, 1, 0, 0, 0, 0, 0, 0, 0, 0, 1, 2
"d:\agiaann\flutter-clean-architecture-instagram-1\lib\config\routes\app_routes.dart", "Dart", 0, 0, 0, 0, 0, 0, 25, 0, 0, 0, 2, 2, 29
"d:\agiaann\flutter-clean-architecture-instagram-1\lib\config\routes\customRoutes\hero_dialog_route.dart", "Dart", 0, 0, 0, 0, 0, 0, 35, 0, 0, 0, 0, 11, 46
"d:\agiaann\flutter-clean-architecture-instagram-1\lib\config\themes\app_theme.dart", "Dart", 0, 0, 0, 0, 0, 0, 97, 0, 0, 0, 0, 4, 101
"d:\agiaann\flutter-clean-architecture-instagram-1\lib\config\themes\theme_service.dart", "Dart", 0, 0, 0, 0, 0, 0, 15, 0, 0, 0, 0, 5, 20
"d:\agiaann\flutter-clean-architecture-instagram-1\lib\core\app.dart", "Dart", 0, 0, 0, 0, 0, 0, 68, 0, 0, 0, 0, 9, 77
"d:\agiaann\flutter-clean-architecture-instagram-1\lib\core\definition.md", "Markdown", 0, 0, 0, 1, 0, 0, 0, 0, 0, 0, 0, 0, 1
"d:\agiaann\flutter-clean-architecture-instagram-1\lib\core\functions\blur_hash.dart", "Dart", 0, 0, 0, 0, 0, 0, 8, 0, 0, 0, 0, 2, 10
"d:\agiaann\flutter-clean-architecture-instagram-1\lib\core\functions\compress_image.dart", "Dart", 0, 0, 0, 0, 0, 0, 30, 0, 0, 0, 0, 4, 34
"d:\agiaann\flutter-clean-architecture-instagram-1\lib\core\functions\date_of_now.dart", "Dart", 0, 0, 0, 0, 0, 0, 51, 0, 0, 0, 0, 8, 59
"d:\agiaann\flutter-clean-architecture-instagram-1\lib\core\functions\notifications_permissions.dart", "Dart", 0, 0, 0, 0, 0, 0, 214, 0, 0, 0, 11, 25, 250
"d:\agiaann\flutter-clean-architecture-instagram-1\lib\core\functions\toast_show.dart", "Dart", 0, 0, 0, 0, 0, 0, 24, 0, 0, 0, 0, 4, 28
"d:\agiaann\flutter-clean-architecture-instagram-1\lib\core\resources\assets_manager.dart", "Dart", 0, 0, 0, 0, 0, 0, 41, 0, 0, 0, 0, 3, 44
"d:\agiaann\flutter-clean-architecture-instagram-1\lib\core\resources\color_manager.dart", "Dart", 0, 0, 0, 0, 0, 0, 41, 0, 0, 0, 0, 13, 54
"d:\agiaann\flutter-clean-architecture-instagram-1\lib\core\resources\font_manager.dart", "Dart", 0, 0, 0, 0, 0, 0, 20, 0, 0, 0, 0, 4, 24
"d:\agiaann\flutter-clean-architecture-instagram-1\lib\core\resources\strings_manager.dart", "Dart", 0, 0, 0, 0, 0, 0, 136, 0, 0, 0, 0, 41, 177
"d:\agiaann\flutter-clean-architecture-instagram-1\lib\core\resources\styles_manager.dart", "Dart", 0, 0, 0, 0, 0, 0, 49, 0, 0, 0, 0, 8, 57
"d:\agiaann\flutter-clean-architecture-instagram-1\lib\core\translations\app_lang.dart", "Dart", 0, 0, 0, 0, 0, 0, 25, 0, 0, 0, 0, 6, 31
"d:\agiaann\flutter-clean-architecture-instagram-1\lib\core\translations\langs\ar.dart", "Dart", 0, 0, 0, 0, 0, 0, 135, 0, 0, 0, 0, 1, 136
"d:\agiaann\flutter-clean-architecture-instagram-1\lib\core\translations\langs\en.dart", "Dart", 0, 0, 0, 0, 0, 0, 135, 0, 0, 0, 0, 1, 136
"d:\agiaann\flutter-clean-architecture-instagram-1\lib\core\translations\local_storage\local_storage.dart", "Dart", 0, 0, 0, 0, 0, 0, 9, 0, 0, 0, 0, 3, 12
"d:\agiaann\flutter-clean-architecture-instagram-1\lib\core\translations\translations.dart", "Dart", 0, 0, 0, 0, 0, 0, 7, 0, 0, 0, 0, 2, 9
"d:\agiaann\flutter-clean-architecture-instagram-1\lib\core\use_case\use_case.dart", "Dart", 0, 0, 0, 0, 0, 0, 23, 0, 0, 0, 0, 6, 29
"d:\agiaann\flutter-clean-architecture-instagram-1\lib\core\utility\constant.dart", "Dart", 0, 0, 0, 0, 0, 0, 5, 0, 0, 0, 0, 1, 6
"d:\agiaann\flutter-clean-architecture-instagram-1\lib\core\utility\injector.dart", "Dart", 0, 0, 0, 0, 0, 0, 293, 0, 0, 0, 55, 60, 408
"d:\agiaann\flutter-clean-architecture-instagram-1\lib\core\widgets\svg_pictures.dart", "Dart", 0, 0, 0, 0, 0, 0, 23, 0, 0, 0, 0, 2, 25
"d:\agiaann\flutter-clean-architecture-instagram-1\lib\data\data_sources\remote\calling_rooms\calling_rooms.dart", "Dart", 0, 0, 0, 0, 0, 0, 96, 0, 0, 0, 0, 10, 106
"d:\agiaann\flutter-clean-architecture-instagram-1\lib\data\data_sources\remote\chat\group_chat.dart", "Dart", 0, 0, 0, 0, 0, 0, 76, 0, 0, 0, 0, 14, 90
"d:\agiaann\flutter-clean-architecture-instagram-1\lib\data\data_sources\remote\chat\single_chat.dart", "Dart", 0, 0, 0, 0, 0, 0, 72, 0, 0, 0, 0, 9, 81
"d:\agiaann\flutter-clean-architecture-instagram-1\lib\data\data_sources\remote\firebase_auth.dart", "Dart", 0, 0, 0, 0, 0, 0, 20, 0, 0, 0, 0, 5, 25
"d:\agiaann\flutter-clean-architecture-instagram-1\lib\data\data_sources\remote\firebase_storage.dart", "Dart", 0, 0, 0, 0, 0, 0, 36, 0, 0, 0, 1, 5, 42
"d:\agiaann\flutter-clean-architecture-instagram-1\lib\data\data_sources\remote\notification\device_notification.dart", "Dart", 0, 0, 0, 0, 0, 0, 50, 0, 0, 0, 4, 7, 61
"d:\agiaann\flutter-clean-architecture-instagram-1\lib\data\data_sources\remote\notification\firebase_notification.dart", "Dart", 0, 0, 0, 0, 0, 0, 94, 0, 0, 0, 1, 12, 107
"d:\agiaann\flutter-clean-architecture-instagram-1\lib\data\data_sources\remote\post\comment\firestore_comment.dart", "Dart", 0, 0, 0, 0, 0, 0, 76, 0, 0, 0, 0, 13, 89
"d:\agiaann\flutter-clean-architecture-instagram-1\lib\data\data_sources\remote\post\comment\firestore_reply.dart", "Dart", 0, 0, 0, 0, 0, 0, 53, 0, 0, 0, 0, 11, 64
"d:\agiaann\flutter-clean-architecture-instagram-1\lib\data\data_sources\remote\post\firestore_post.dart", "Dart", 0, 0, 0, 0, 0, 0, 125, 0, 0, 0, 0, 15, 140
"d:\agiaann\flutter-clean-architecture-instagram-1\lib\data\data_sources\remote\story\firestore_story.dart", "Dart", 0, 0, 0, 0, 0, 0, 47, 0, 0, 0, 0, 6, 53
"d:\agiaann\flutter-clean-architecture-instagram-1\lib\data\data_sources\remote\user\firestore_user_info.dart", "Dart", 0, 0, 0, 0, 0, 0, 375, 0, 0, 0, 3, 40, 418
"d:\agiaann\flutter-clean-architecture-instagram-1\lib\data\models\child_classes\notification.dart", "Dart", 0, 0, 0, 0, 0, 0, 59, 0, 0, 0, 1, 4, 64
"d:\agiaann\flutter-clean-architecture-instagram-1\lib\data\models\child_classes\post\post.dart", "Dart", 0, 0, 0, 0, 0, 0, 71, 0, 0, 0, 3, 5, 79
"d:\agiaann\flutter-clean-architecture-instagram-1\lib\data\models\child_classes\post\story.dart", "Dart", 0, 0, 0, 0, 0, 0, 53, 0, 0, 0, 0, 4, 57
"d:\agiaann\flutter-clean-architecture-instagram-1\lib\data\models\parent_classes\post\parent_post.dart", "Dart", 0, 0, 0, 0, 0, 0, 21, 0, 0, 0, 0, 3, 24
"d:\agiaann\flutter-clean-architecture-instagram-1\lib\data\models\parent_classes\without_sub_classes\comment.dart", "Dart", 0, 0, 0, 0, 0, 0, 69, 0, 0, 0, 0, 6, 75
"d:\agiaann\flutter-clean-architecture-instagram-1\lib\data\models\parent_classes\without_sub_classes\message.dart", "Dart", 0, 0, 0, 0, 0, 0, 113, 0, 0, 0, 1, 6, 120
"d:\agiaann\flutter-clean-architecture-instagram-1\lib\data\models\parent_classes\without_sub_classes\push_notification.dart", "Dart", 0, 0, 0, 0, 0, 0, 30, 0, 0, 0, 0, 2, 32
"d:\agiaann\flutter-clean-architecture-instagram-1\lib\data\models\parent_classes\without_sub_classes\user_personal_info.dart", "Dart", 0, 0, 0, 0, 0, 0, 103, 0, 0, 0, 1, 5, 109
"d:\agiaann\flutter-clean-architecture-instagram-1\lib\data\repositories_impl\calling_rooms_repo_impl.dart", "Dart", 0, 0, 0, 0, 0, 0, 105, 0, 0, 0, 0, 7, 112
"d:\agiaann\flutter-clean-architecture-instagram-1\lib\data\repositories_impl\firebase_auth_repository_impl.dart", "Dart", 0, 0, 0, 0, 0, 0, 36, 0, 0, 0, 0, 5, 41
"d:\agiaann\flutter-clean-architecture-instagram-1\lib\data\repositories_impl\firestore_notification.dart", "Dart", 0, 0, 0, 0, 0, 0, 33, 0, 0, 0, 0, 4, 37
"d:\agiaann\flutter-clean-architecture-instagram-1\lib\data\repositories_impl\firestore_story_repo_impl.dart", "Dart", 0, 0, 0, 0, 0, 0, 56, 0, 0, 0, 0, 6, 62
"d:\agiaann\flutter-clean-architecture-instagram-1\lib\data\repositories_impl\firestore_user_repo_impl.dart", "Dart", 0, 0, 0, 0, 0, 0, 253, 0, 0, 0, 1, 24, 278
"d:\agiaann\flutter-clean-architecture-instagram-1\lib\data\repositories_impl\group_message_repo_impl.dart", "Dart", 0, 0, 0, 0, 0, 0, 73, 0, 0, 0, 0, 9, 82
"d:\agiaann\flutter-clean-architecture-instagram-1\lib\data\repositories_impl\post\comment\firestore_comment_repo_impl.dart", "Dart", 0, 0, 0, 0, 0, 0, 52, 0, 0, 0, 0, 8, 60
"d:\agiaann\flutter-clean-architecture-instagram-1\lib\data\repositories_impl\post\comment\firestore_reply_repo_impl.dart", "Dart", 0, 0, 0, 0, 0, 0, 53, 0, 0, 0, 0, 7, 60
"d:\agiaann\flutter-clean-architecture-instagram-1\lib\data\repositories_impl\post\firestore_post_repo_impl.dart", "Dart", 0, 0, 0, 0, 0, 0, 115, 0, 0, 0, 0, 12, 127
"d:\agiaann\flutter-clean-architecture-instagram-1\lib\domain\entities\calling_status.dart", "Dart", 0, 0, 0, 0, 0, 0, 4, 0, 0, 0, 0, 1, 5
"d:\agiaann\flutter-clean-architecture-instagram-1\lib\domain\entities\definition.md", "Markdown", 0, 0, 0, 2, 0, 0, 0, 0, 0, 0, 0, 0, 2
"d:\agiaann\flutter-clean-architecture-instagram-1\lib\domain\entities\followed_user_info.dart", "Dart", 0, 0, 0, 0, 0, 0, 12, 0, 0, 0, 0, 2, 14
"d:\agiaann\flutter-clean-architecture-instagram-1\lib\domain\entities\followers_user_info.dart", "Dart", 0, 0, 0, 0, 0, 0, 12, 0, 0, 0, 0, 2, 14
"d:\agiaann\flutter-clean-architecture-instagram-1\lib\domain\entities\notification_check.dart", "Dart", 0, 0, 0, 0, 0, 0, 23, 0, 0, 0, 1, 4, 28
"d:\agiaann\flutter-clean-architecture-instagram-1\lib\domain\entities\registered_user.dart", "Dart", 0, 0, 0, 0, 0, 0, 5, 0, 0, 0, 0, 2, 7
"d:\agiaann\flutter-clean-architecture-instagram-1\lib\domain\entities\sender_info.dart", "Dart", 0, 0, 0, 0, 0, 0, 14, 0, 0, 0, 1, 1, 16
"d:\agiaann\flutter-clean-architecture-instagram-1\lib\domain\entities\specific_users_info.dart", "Dart", 0, 0, 0, 0, 0, 0, 7, 0, 0, 0, 0, 3, 10
"d:\agiaann\flutter-clean-architecture-instagram-1\lib\domain\repositories\auth_repository.dart", "Dart", 0, 0, 0, 0, 0, 0, 7, 0, 0, 0, 0, 2, 9
"d:\agiaann\flutter-clean-architecture-instagram-1\lib\domain\repositories\calling_rooms_repository.dart", "Dart", 0, 0, 0, 0, 0, 0, 19, 0, 0, 0, 0, 6, 25
"d:\agiaann\flutter-clean-architecture-instagram-1\lib\domain\repositories\definition.md", "Markdown", 0, 0, 0, 1, 0, 0, 0, 0, 0, 0, 0, 0, 1
"d:\agiaann\flutter-clean-architecture-instagram-1\lib\domain\repositories\firestore_notification.dart", "Dart", 0, 0, 0, 0, 0, 0, 9, 0, 0, 0, 0, 2, 11
"d:\agiaann\flutter-clean-architecture-instagram-1\lib\domain\repositories\group_message.dart", "Dart", 0, 0, 0, 0, 0, 0, 15, 0, 0, 0, 0, 5, 20
"d:\agiaann\flutter-clean-architecture-instagram-1\lib\domain\repositories\post\comment\comment_repository.dart", "Dart", 0, 0, 0, 0, 0, 0, 9, 0, 0, 0, 0, 2, 11
"d:\agiaann\flutter-clean-architecture-instagram-1\lib\domain\repositories\post\comment\reply_repository.dart", "Dart", 0, 0, 0, 0, 0, 0, 9, 0, 0, 0, 0, 2, 11
"d:\agiaann\flutter-clean-architecture-instagram-1\lib\domain\repositories\post\post_repository.dart", "Dart", 0, 0, 0, 0, 0, 0, 21, 0, 0, 0, 0, 2, 23
"d:\agiaann\flutter-clean-architecture-instagram-1\lib\domain\repositories\story_repository.dart", "Dart", 0, 0, 0, 0, 0, 0, 12, 0, 0, 0, 0, 2, 14
"d:\agiaann\flutter-clean-architecture-instagram-1\lib\domain\repositories\user_repository.dart", "Dart", 0, 0, 0, 0, 0, 0, 46, 0, 0, 0, 0, 17, 63
"d:\agiaann\flutter-clean-architecture-instagram-1\lib\domain\use_cases\auth\log_in_auth_usecase.dart", "Dart", 0, 0, 0, 0, 0, 0, 12, 0, 0, 0, 0, 4, 16
"d:\agiaann\flutter-clean-architecture-instagram-1\lib\domain\use_cases\auth\sign_out_auth_usecase.dart", "Dart", 0, 0, 0, 0, 0, 0, 10, 0, 0, 0, 0, 4, 14
"d:\agiaann\flutter-clean-architecture-instagram-1\lib\domain\use_cases\auth\sign_up_auth_usecase.dart", "Dart", 0, 0, 0, 0, 0, 0, 12, 0, 0, 0, 0, 4, 16
"d:\agiaann\flutter-clean-architecture-instagram-1\lib\domain\use_cases\calling_rooms\cancel_joining_to_room.dart", "Dart", 0, 0, 0, 0, 0, 0, 17, 0, 0, 0, 0, 2, 19
"d:\agiaann\flutter-clean-architecture-instagram-1\lib\domain\use_cases\calling_rooms\create_calling_room.dart", "Dart", 0, 0, 0, 0, 0, 0, 15, 0, 0, 0, 0, 2, 17
"d:\agiaann\flutter-clean-architecture-instagram-1\lib\domain\use_cases\calling_rooms\delete_the_room.dart", "Dart", 0, 0, 0, 0, 0, 0, 13, 0, 0, 0, 0, 2, 15
"d:\agiaann\flutter-clean-architecture-instagram-1\lib\domain\use_cases\calling_rooms\get_calling_status.dart", "Dart", 0, 0, 0, 0, 0, 0, 10, 0, 0, 0, 0, 2, 12
"d:\agiaann\flutter-clean-architecture-instagram-1\lib\domain\use_cases\calling_rooms\get_users_info_in_room.dart", "Dart", 0, 0, 0, 0, 0, 0, 12, 0, 0, 0, 0, 2, 14
"d:\agiaann\flutter-clean-architecture-instagram-1\lib\domain\use_cases\calling_rooms\join_to_calling_room.dart", "Dart", 0, 0, 0, 0, 0, 0, 14, 0, 0, 0, 0, 2, 16
"d:\agiaann\flutter-clean-architecture-instagram-1\lib\domain\use_cases\definition.md", "Markdown", 0, 0, 0, 1, 0, 0, 0, 0, 0, 0, 0, 0, 1
"d:\agiaann\flutter-clean-architecture-instagram-1\lib\domain\use_cases\follow\follow_this_user.dart", "Dart", 0, 0, 0, 0, 0, 0, 10, 0, 0, 0, 0, 4, 14
"d:\agiaann\flutter-clean-architecture-instagram-1\lib\domain\use_cases\follow\remove_this_follower.dart", "Dart", 0, 0, 0, 0, 0, 0, 11, 0, 0, 0, 0, 4, 15
"d:\agiaann\flutter-clean-architecture-instagram-1\lib\domain\use_cases\message\common\get_specific_chat_info.dart", "Dart", 0, 0, 0, 0, 0, 0, 14, 0, 0, 0, 0, 4, 18
"d:\agiaann\flutter-clean-architecture-instagram-1\lib\domain\use_cases\message\group_message\add_message.dart", "Dart", 0, 0, 0, 0, 0, 0, 20, 0, 0, 0, 0, 4, 24
"d:\agiaann\flutter-clean-architecture-instagram-1\lib\domain\use_cases\message\group_message\delete_message.dart", "Dart", 0, 0, 0, 0, 0, 0, 19, 0, 0, 0, 0, 4, 23
"d:\agiaann\flutter-clean-architecture-instagram-1\lib\domain\use_cases\message\group_message\get_messages.dart", "Dart", 0, 0, 0, 0, 0, 0, 12, 0, 0, 0, 0, 4, 16
"d:\agiaann\flutter-clean-architecture-instagram-1\lib\domain\use_cases\message\single_message\add_message.dart", "Dart", 0, 0, 0, 0, 0, 0, 20, 0, 0, 0, 0, 5, 25
"d:\agiaann\flutter-clean-architecture-instagram-1\lib\domain\use_cases\message\single_message\delete_message.dart", "Dart", 0, 0, 0, 0, 0, 0, 18, 0, 0, 0, 0, 4, 22
"d:\agiaann\flutter-clean-architecture-instagram-1\lib\domain\use_cases\message\single_message\get_chat_users_info.dart", "Dart", 0, 0, 0, 0, 0, 0, 13, 0, 0, 0, 0, 4, 17
"d:\agiaann\flutter-clean-architecture-instagram-1\lib\domain\use_cases\message\single_message\get_messages.dart", "Dart", 0, 0, 0, 0, 0, 0, 11, 0, 0, 0, 0, 4, 15
"d:\agiaann\flutter-clean-architecture-instagram-1\lib\domain\use_cases\notification\create_notification_use_case.dart", "Dart", 0, 0, 0, 0, 0, 0, 11, 0, 0, 0, 0, 2, 13
"d:\agiaann\flutter-clean-architecture-instagram-1\lib\domain\use_cases\notification\delete_notification.dart", "Dart", 0, 0, 0, 0, 0, 0, 12, 0, 0, 0, 0, 2, 14
"d:\agiaann\flutter-clean-architecture-instagram-1\lib\domain\use_cases\notification\get_notifications_use_case.dart", "Dart", 0, 0, 0, 0, 0, 0, 12, 0, 0, 0, 0, 2, 14
"d:\agiaann\flutter-clean-architecture-instagram-1\lib\domain\use_cases\post\comments\add_comment_use_case.dart", "Dart", 0, 0, 0, 0, 0, 0, 11, 0, 0, 0, 0, 4, 15
"d:\agiaann\flutter-clean-architecture-instagram-1\lib\domain\use_cases\post\comments\getComment\get_all_comment.dart", "Dart", 0, 0, 0, 0, 0, 0, 11, 0, 0, 0, 0, 4, 15
"d:\agiaann\flutter-clean-architecture-instagram-1\lib\domain\use_cases\post\comments\put_like.dart", "Dart", 0, 0, 0, 0, 0, 0, 12, 0, 0, 0, 0, 4, 16
"d:\agiaann\flutter-clean-architecture-instagram-1\lib\domain\use_cases\post\comments\remove_like.dart", "Dart", 0, 0, 0, 0, 0, 0, 12, 0, 0, 0, 0, 4, 16
"d:\agiaann\flutter-clean-architecture-instagram-1\lib\domain\use_cases\post\comments\replies\get_replies_of_this_comment.dart", "Dart", 0, 0, 0, 0, 0, 0, 13, 0, 0, 0, 0, 4, 17
"d:\agiaann\flutter-clean-architecture-instagram-1\lib\domain\use_cases\post\comments\replies\likes\put_like_on_this_reply.dart", "Dart", 0, 0, 0, 0, 0, 0, 13, 0, 0, 0, 0, 4, 17
"d:\agiaann\flutter-clean-architecture-instagram-1\lib\domain\use_cases\post\comments\replies\likes\remove_like_on_this_reply.dart", "Dart", 0, 0, 0, 0, 0, 0, 13, 0, 0, 0, 0, 4, 17
"d:\agiaann\flutter-clean-architecture-instagram-1\lib\domain\use_cases\post\comments\replies\reply_on_this_comment.dart", "Dart", 0, 0, 0, 0, 0, 0, 12, 0, 0, 0, 0, 4, 16
"d:\agiaann\flutter-clean-architecture-instagram-1\lib\domain\use_cases\post\create_post.dart", "Dart", 0, 0, 0, 0, 0, 0, 18, 0, 0, 0, 0, 4, 22
"d:\agiaann\flutter-clean-architecture-instagram-1\lib\domain\use_cases\post\delete\delete_post.dart", "Dart", 0, 0, 0, 0, 0, 0, 11, 0, 0, 0, 0, 4, 15
"d:\agiaann\flutter-clean-architecture-instagram-1\lib\domain\use_cases\post\get\get_all_posts.dart", "Dart", 0, 0, 0, 0, 0, 0, 14, 0, 0, 0, 0, 4, 18
"d:\agiaann\flutter-clean-architecture-instagram-1\lib\domain\use_cases\post\get\get_post_info.dart", "Dart", 0, 0, 0, 0, 0, 0, 14, 0, 0, 0, 0, 4, 18
"d:\agiaann\flutter-clean-architecture-instagram-1\lib\domain\use_cases\post\get\get_specific_users_posts.dart", "Dart", 0, 0, 0, 0, 0, 0, 10, 0, 0, 0, 0, 4, 14
"d:\agiaann\flutter-clean-architecture-instagram-1\lib\domain\use_cases\post\likes\put_like_on_this_post.dart", "Dart", 0, 0, 0, 0, 0, 0, 12, 0, 0, 0, 0, 4, 16
"d:\agiaann\flutter-clean-architecture-instagram-1\lib\domain\use_cases\post\likes\remove_the_like_on_this_post.dart", "Dart", 0, 0, 0, 0, 0, 0, 12, 0, 0, 0, 0, 4, 16
"d:\agiaann\flutter-clean-architecture-instagram-1\lib\domain\use_cases\post\update\update_post.dart", "Dart", 0, 0, 0, 0, 0, 0, 11, 0, 0, 0, 0, 4, 15
"d:\agiaann\flutter-clean-architecture-instagram-1\lib\domain\use_cases\story\create_story.dart", "Dart", 0, 0, 0, 0, 0, 0, 14, 0, 0, 0, 0, 4, 18
"d:\agiaann\flutter-clean-architecture-instagram-1\lib\domain\use_cases\story\delete_story.dart", "Dart", 0, 0, 0, 0, 0, 0, 10, 0, 0, 0, 0, 4, 14
"d:\agiaann\flutter-clean-architecture-instagram-1\lib\domain\use_cases\story\get_specific_stories.dart", "Dart", 0, 0, 0, 0, 0, 0, 12, 0, 0, 0, 0, 4, 16
"d:\agiaann\flutter-clean-architecture-instagram-1\lib\domain\use_cases\story\get_stories_info.dart", "Dart", 0, 0, 0, 0, 0, 0, 12, 0, 0, 0, 0, 4, 16
"d:\agiaann\flutter-clean-architecture-instagram-1\lib\domain\use_cases\user\add_new_user_usecase.dart", "Dart", 0, 0, 0, 0, 0, 0, 11, 0, 0, 0, 0, 4, 15
"d:\agiaann\flutter-clean-architecture-instagram-1\lib\domain\use_cases\user\add_post_to_user.dart", "Dart", 0, 0, 0, 0, 0, 0, 15, 0, 0, 0, 0, 4, 19
"d:\agiaann\flutter-clean-architecture-instagram-1\lib\domain\use_cases\user\getUserInfo\get_all_un_followers_info.dart", "Dart", 0, 0, 0, 0, 0, 0, 12, 0, 0, 0, 0, 4, 16
"d:\agiaann\flutter-clean-architecture-instagram-1\lib\domain\use_cases\user\getUserInfo\get_all_users_info.dart", "Dart", 0, 0, 0, 0, 0, 0, 12, 0, 0, 0, 0, 4, 16
"d:\agiaann\flutter-clean-architecture-instagram-1\lib\domain\use_cases\user\getUserInfo\get_followers_and_followings_usecase.dart", "Dart", 0, 0, 0, 0, 0, 0, 16, 0, 0, 0, 0, 4, 20
"d:\agiaann\flutter-clean-architecture-instagram-1\lib\domain\use_cases\user\getUserInfo\get_specific_users_usecase.dart", "Dart", 0, 0, 0, 0, 0, 0, 12, 0, 0, 0, 0, 4, 16
"d:\agiaann\flutter-clean-architecture-instagram-1\lib\domain\use_cases\user\getUserInfo\get_user_from_user_name.dart", "Dart", 0, 0, 0, 0, 0, 0, 11, 0, 0, 0, 0, 4, 15
"d:\agiaann\flutter-clean-architecture-instagram-1\lib\domain\use_cases\user\getUserInfo\get_user_info_usecase.dart", "Dart", 0, 0, 0, 0, 0, 0, 14, 0, 0, 0, 0, 4, 18
"d:\agiaann\flutter-clean-architecture-instagram-1\lib\domain\use_cases\user\my_personal_info.dart", "Dart", 0, 0, 0, 0, 0, 0, 11, 0, 0, 0, 0, 4, 15
"d:\agiaann\flutter-clean-architecture-instagram-1\lib\domain\use_cases\user\search_about_user.dart", "Dart", 0, 0, 0, 0, 0, 0, 14, 0, 0, 0, 0, 4, 18
"d:\agiaann\flutter-clean-architecture-instagram-1\lib\domain\use_cases\user\update_user_info.dart", "Dart", 0, 0, 0, 0, 0, 0, 12, 0, 0, 0, 0, 4, 16
"d:\agiaann\flutter-clean-architecture-instagram-1\lib\domain\use_cases\user\upload_profile_image_usecase.dart", "Dart", 0, 0, 0, 0, 0, 0, 16, 0, 0, 0, 0, 4, 20
"d:\agiaann\flutter-clean-architecture-instagram-1\lib\main.dart", "Dart", 0, 0, 0, 0, 0, 0, 44, 0, 0, 0, 1, 8, 53
"d:\agiaann\flutter-clean-architecture-instagram-1\lib\presentation\cubit\StoryCubit\story_cubit.dart", "Dart", 0, 0, 0, 0, 0, 0, 68, 0, 0, 0, 0, 9, 77
"d:\agiaann\flutter-clean-architecture-instagram-1\lib\presentation\cubit\StoryCubit\story_state.dart", "Dart", 0, 0, 0, 0, 0, 0, 34, 0, 0, 0, 0, 14, 48
"d:\agiaann\flutter-clean-architecture-instagram-1\lib\presentation\cubit\callingRooms\bloc\calling_status_bloc.dart", "Dart", 0, 0, 0, 0, 0, 0, 36, 0, 0, 0, 0, 7, 43
"d:\agiaann\flutter-clean-architecture-instagram-1\lib\presentation\cubit\callingRooms\bloc\calling_status_event.dart", "Dart", 0, 0, 0, 0, 0, 0, 18, 0, 0, 0, 0, 7, 25
"d:\agiaann\flutter-clean-architecture-instagram-1\lib\presentation\cubit\callingRooms\bloc\calling_status_state.dart", "Dart", 0, 0, 0, 0, 0, 0, 19, 0, 0, 0, 0, 7, 26
"d:\agiaann\flutter-clean-architecture-instagram-1\lib\presentation\cubit\callingRooms\calling_rooms_cubit.dart", "Dart", 0, 0, 0, 0, 0, 0, 88, 0, 0, 0, 0, 10, 98
"d:\agiaann\flutter-clean-architecture-instagram-1\lib\presentation\cubit\callingRooms\calling_rooms_state.dart", "Dart", 0, 0, 0, 0, 0, 0, 26, 0, 0, 0, 0, 10, 36
"d:\agiaann\flutter-clean-architecture-instagram-1\lib\presentation\cubit\firebaseAuthCubit\firebase_auth_cubit.dart", "Dart", 0, 0, 0, 0, 0, 0, 46, 0, 0, 0, 0, 7, 53
"d:\agiaann\flutter-clean-architecture-instagram-1\lib\presentation\cubit\firebaseAuthCubit\firebase_auth_state.dart", "Dart", 0, 0, 0, 0, 0, 0, 13, 0, 0, 0, 0, 8, 21
"d:\agiaann\flutter-clean-architecture-instagram-1\lib\presentation\cubit\firestoreUserInfoCubit\add_new_user_cubit.dart", "Dart", 0, 0, 0, 0, 0, 0, 19, 0, 0, 0, 0, 5, 24
"d:\agiaann\flutter-clean-architecture-instagram-1\lib\presentation\cubit\firestoreUserInfoCubit\add_new_user_state.dart", "Dart", 0, 0, 0, 0, 0, 0, 9, 0, 0, 0, 0, 6, 15
"d:\agiaann\flutter-clean-architecture-instagram-1\lib\presentation\cubit\firestoreUserInfoCubit\message\bloc\message_bloc.dart", "Dart", 0, 0, 0, 0, 0, 0, 54, 0, 0, 0, 0, 10, 64
"d:\agiaann\flutter-clean-architecture-instagram-1\lib\presentation\cubit\firestoreUserInfoCubit\message\bloc\message_event.dart", "Dart", 0, 0, 0, 0, 0, 0, 30, 0, 0, 0, 0, 11, 41
"d:\agiaann\flutter-clean-architecture-instagram-1\lib\presentation\cubit\firestoreUserInfoCubit\message\bloc\message_state.dart", "Dart", 0, 0, 0, 0, 0, 0, 13, 0, 0, 0, 0, 6, 19
"d:\agiaann\flutter-clean-architecture-instagram-1\lib\presentation\cubit\firestoreUserInfoCubit\message\cubit\group_chat\message_for_group_chat_cubit.dart", "Dart", 0, 0, 0, 0, 0, 0, 55, 0, 0, 0, 0, 9, 64
"d:\agiaann\flutter-clean-architecture-instagram-1\lib\presentation\cubit\firestoreUserInfoCubit\message\cubit\group_chat\message_for_group_chat_state.dart", "Dart", 0, 0, 0, 0, 0, 0, 22, 0, 0, 0, 0, 11, 33
"d:\agiaann\flutter-clean-architecture-instagram-1\lib\presentation\cubit\firestoreUserInfoCubit\message\cubit\message_cubit.dart", "Dart", 0, 0, 0, 0, 0, 0, 66, 0, 0, 0, 0, 7, 73
"d:\agiaann\flutter-clean-architecture-instagram-1\lib\presentation\cubit\firestoreUserInfoCubit\message\cubit\message_state.dart", "Dart", 0, 0, 0, 0, 0, 0, 43, 0, 0, 0, 0, 19, 62
"d:\agiaann\flutter-clean-architecture-instagram-1\lib\presentation\cubit\firestoreUserInfoCubit\searchAboutUser\search_about_user_bloc.dart", "Dart", 0, 0, 0, 0, 0, 0, 39, 0, 0, 0, 0, 7, 46
"d:\agiaann\flutter-clean-architecture-instagram-1\lib\presentation\cubit\firestoreUserInfoCubit\searchAboutUser\search_about_user_event.dart", "Dart", 0, 0, 0, 0, 0, 0, 19, 0, 0, 0, 0, 6, 25
"d:\agiaann\flutter-clean-architecture-instagram-1\lib\presentation\cubit\firestoreUserInfoCubit\searchAboutUser\search_about_user_state.dart", "Dart", 0, 0, 0, 0, 0, 0, 14, 0, 0, 0, 0, 7, 21
"d:\agiaann\flutter-clean-architecture-instagram-1\lib\presentation\cubit\firestoreUserInfoCubit\user_info_cubit.dart", "Dart", 0, 0, 0, 0, 0, 0, 127, 0, 0, 0, 0, 14, 141
"d:\agiaann\flutter-clean-architecture-instagram-1\lib\presentation\cubit\firestoreUserInfoCubit\user_info_state.dart", "Dart", 0, 0, 0, 0, 0, 0, 26, 0, 0, 0, 2, 15, 43
"d:\agiaann\flutter-clean-architecture-instagram-1\lib\presentation\cubit\firestoreUserInfoCubit\users_info_cubit.dart", "Dart", 0, 0, 0, 0, 0, 0, 49, 0, 0, 0, 0, 8, 57
"d:\agiaann\flutter-clean-architecture-instagram-1\lib\presentation\cubit\firestoreUserInfoCubit\users_info_reel_time\users_info_reel_time_bloc.dart", "Dart", 0, 0, 0, 0, 0, 0, 68, 0, 0, 0, 0, 11, 79
"d:\agiaann\flutter-clean-architecture-instagram-1\lib\presentation\cubit\firestoreUserInfoCubit\users_info_reel_time\users_info_reel_time_event.dart", "Dart", 0, 0, 0, 0, 0, 0, 20, 0, 0, 0, 0, 9, 29
"d:\agiaann\flutter-clean-architecture-instagram-1\lib\presentation\cubit\firestoreUserInfoCubit\users_info_reel_time\users_info_reel_time_state.dart", "Dart", 0, 0, 0, 0, 0, 0, 25, 0, 0, 0, 0, 9, 34
"d:\agiaann\flutter-clean-architecture-instagram-1\lib\presentation\cubit\firestoreUserInfoCubit\users_info_state.dart", "Dart", 0, 0, 0, 0, 0, 0, 21, 0, 0, 0, 0, 12, 33
"d:\agiaann\flutter-clean-architecture-instagram-1\lib\presentation\cubit\follow\follow_cubit.dart", "Dart", 0, 0, 0, 0, 0, 0, 35, 0, 0, 0, 0, 7, 42
"d:\agiaann\flutter-clean-architecture-instagram-1\lib\presentation\cubit\follow\follow_state.dart", "Dart", 0, 0, 0, 0, 0, 0, 13, 0, 0, 0, 0, 7, 20
"d:\agiaann\flutter-clean-architecture-instagram-1\lib\presentation\cubit\notification\notification_cubit.dart", "Dart", 0, 0, 0, 0, 0, 0, 48, 0, 0, 0, 0, 6, 54
"d:\agiaann\flutter-clean-architecture-instagram-1\lib\presentation\cubit\notification\notification_state.dart", "Dart", 0, 0, 0, 0, 0, 0, 25, 0, 0, 0, 0, 13, 38
"d:\agiaann\flutter-clean-architecture-instagram-1\lib\presentation\cubit\postInfoCubit\commentsInfo\cubit\comment_likes\comment_likes_cubit.dart", "Dart", 0, 0, 0, 0, 0, 0, 41, 0, 0, 0, 0, 8, 49
"d:\agiaann\flutter-clean-architecture-instagram-1\lib\presentation\cubit\postInfoCubit\commentsInfo\cubit\comment_likes\comment_likes_state.dart", "Dart", 0, 0, 0, 0, 0, 0, 13, 0, 0, 0, 0, 7, 20
"d:\agiaann\flutter-clean-architecture-instagram-1\lib\presentation\cubit\postInfoCubit\commentsInfo\cubit\comments_info_cubit.dart", "Dart", 0, 0, 0, 0, 0, 0, 36, 0, 0, 0, 0, 7, 43
"d:\agiaann\flutter-clean-architecture-instagram-1\lib\presentation\cubit\postInfoCubit\commentsInfo\cubit\comments_info_state.dart", "Dart", 0, 0, 0, 0, 0, 0, 16, 0, 0, 0, 0, 8, 24
"d:\agiaann\flutter-clean-architecture-instagram-1\lib\presentation\cubit\postInfoCubit\commentsInfo\cubit\repliesInfo\replyLikes\reply_likes_cubit.dart", "Dart", 0, 0, 0, 0, 0, 0, 36, 0, 0, 0, 0, 8, 44
"d:\agiaann\flutter-clean-architecture-instagram-1\lib\presentation\cubit\postInfoCubit\commentsInfo\cubit\repliesInfo\replyLikes\reply_likes_state.dart", "Dart", 0, 0, 0, 0, 0, 0, 13, 0, 0, 0, 0, 7, 20
"d:\agiaann\flutter-clean-architecture-instagram-1\lib\presentation\cubit\postInfoCubit\commentsInfo\cubit\repliesInfo\reply_info_cubit.dart", "Dart", 0, 0, 0, 0, 0, 0, 38, 0, 0, 0, 0, 7, 45
"d:\agiaann\flutter-clean-architecture-instagram-1\lib\presentation\cubit\postInfoCubit\commentsInfo\cubit\repliesInfo\reply_info_state.dart", "Dart", 0, 0, 0, 0, 0, 0, 16, 0, 0, 0, 0, 8, 24
"d:\agiaann\flutter-clean-architecture-instagram-1\lib\presentation\cubit\postInfoCubit\postLikes\post_likes_cubit.dart", "Dart", 0, 0, 0, 0, 0, 0, 36, 0, 0, 0, 0, 7, 43
"d:\agiaann\flutter-clean-architecture-instagram-1\lib\presentation\cubit\postInfoCubit\postLikes\post_likes_state.dart", "Dart", 0, 0, 0, 0, 0, 0, 13, 0, 0, 0, 0, 7, 20
"d:\agiaann\flutter-clean-architecture-instagram-1\lib\presentation\cubit\postInfoCubit\post_cubit.dart", "Dart", 0, 0, 0, 0, 0, 0, 101, 0, 0, 0, 0, 11, 112
"d:\agiaann\flutter-clean-architecture-instagram-1\lib\presentation\cubit\postInfoCubit\post_state.dart", "Dart", 0, 0, 0, 0, 0, 0, 31, 0, 0, 0, 0, 17, 48
"d:\agiaann\flutter-clean-architecture-instagram-1\lib\presentation\cubit\postInfoCubit\specific_users_posts_cubit.dart", "Dart", 0, 0, 0, 0, 0, 0, 26, 0, 0, 0, 0, 6, 32
"d:\agiaann\flutter-clean-architecture-instagram-1\lib\presentation\cubit\postInfoCubit\specific_users_posts_state.dart", "Dart", 0, 0, 0, 0, 0, 0, 16, 0, 0, 0, 0, 7, 23
"d:\agiaann\flutter-clean-architecture-instagram-1\lib\presentation\customPackages\audio_recorder\audio_encoder.dart", "Dart", 0, 0, 0, 0, 0, 0, 8, 0, 0, 0, 16, 6, 30
"d:\agiaann\flutter-clean-architecture-instagram-1\lib\presentation\customPackages\audio_recorder\lock_record.dart", "Dart", 0, 0, 0, 0, 0, 0, 62, 0, 0, 0, 4, 3, 69
"d:\agiaann\flutter-clean-architecture-instagram-1\lib\presentation\customPackages\audio_recorder\owner_of_this_package.dart", "Dart", 0, 0, 0, 0, 0, 0, 0, 0, 0, 0, 1, 1, 2
"d:\agiaann\flutter-clean-architecture-instagram-1\lib\presentation\customPackages\audio_recorder\show_counter.dart", "Dart", 0, 0, 0, 0, 0, 0, 49, 0, 0, 0, 1, 4, 54
"d:\agiaann\flutter-clean-architecture-instagram-1\lib\presentation\customPackages\audio_recorder\show_mic_and_counter.dart", "Dart", 0, 0, 0, 0, 0, 0, 88, 0, 0, 0, 3, 2, 93
"d:\agiaann\flutter-clean-architecture-instagram-1\lib\presentation\customPackages\audio_recorder\social_media_recoder.dart", "Dart", 0, 0, 0, 0, 0, 0, 136, 0, 0, 0, 5, 15, 156
"d:\agiaann\flutter-clean-architecture-instagram-1\lib\presentation\customPackages\audio_recorder\sound_recorder_notifier.dart", "Dart", 0, 0, 0, 0, 0, 0, 179, 0, 0, 0, 39, 34, 252
"d:\agiaann\flutter-clean-architecture-instagram-1\lib\presentation\customPackages\audio_recorder\sound_recorder_when_locked_design.dart", "Dart", 0, 0, 0, 0, 0, 0, 99, 0, 0, 0, 0, 4, 103
"d:\agiaann\flutter-clean-architecture-instagram-1\lib\presentation\customPackages\crop_image\crop_image.dart", "Dart", 0, 0, 0, 0, 0, 0, 577, 0, 0, 0, 0, 88, 665
"d:\agiaann\flutter-clean-architecture-instagram-1\lib\presentation\customPackages\crop_image\owner_of_this_package.dart", "Dart", 0, 0, 0, 0, 0, 0, 0, 0, 0, 0, 1, 1, 2
"d:\agiaann\flutter-clean-architecture-instagram-1\lib\presentation\customPackages\in_view_notifier\in_view_notifier.dart", "Dart", 0, 0, 0, 0, 0, 0, 125, 0, 0, 0, 16, 24, 165
"d:\agiaann\flutter-clean-architecture-instagram-1\lib\presentation\customPackages\in_view_notifier\in_view_notifier_custom.dart", "Dart", 0, 0, 0, 0, 0, 0, 54, 0, 0, 0, 0, 3, 57
"d:\agiaann\flutter-clean-architecture-instagram-1\lib\presentation\customPackages\in_view_notifier\in_view_notifier_list.dart", "Dart", 0, 0, 0, 0, 0, 0, 57, 0, 0, 0, 0, 3, 60
"d:\agiaann\flutter-clean-architecture-instagram-1\lib\presentation\customPackages\in_view_notifier\in_view_notifier_widget.dart", "Dart", 0, 0, 0, 0, 0, 0, 54, 0, 0, 0, 0, 11, 65
"d:\agiaann\flutter-clean-architecture-instagram-1\lib\presentation\customPackages\in_view_notifier\in_view_state.dart", "Dart", 0, 0, 0, 0, 0, 0, 62, 0, 0, 0, 18, 18, 98
"d:\agiaann\flutter-clean-architecture-instagram-1\lib\presentation\customPackages\in_view_notifier\owner_of_this_package.dart", "Dart", 0, 0, 0, 0, 0, 0, 0, 0, 0, 0, 1, 1, 2
"d:\agiaann\flutter-clean-architecture-instagram-1\lib\presentation\customPackages\in_view_notifier\widget_data.dart", "Dart", 0, 0, 0, 0, 0, 0, 20, 0, 0, 0, 2, 8, 30
"d:\agiaann\flutter-clean-architecture-instagram-1\lib\presentation\customPackages\snapping.dart", "Dart", 0, 0, 0, 0, 0, 0, 286, 0, 0, 0, 1, 70, 357
"d:\agiaann\flutter-clean-architecture-instagram-1\lib\presentation\customPackages\story_view\owner_of_this_package.dart", "Dart", 0, 0, 0, 0, 0, 0, 0, 0, 0, 0, 1, 1, 2
"d:\agiaann\flutter-clean-architecture-instagram-1\lib\presentation\customPackages\story_view\story_controller.dart", "Dart", 0, 0, 0, 0, 0, 0, 20, 0, 0, 0, 11, 8, 39
"d:\agiaann\flutter-clean-architecture-instagram-1\lib\presentation\customPackages\story_view\story_image.dart", "Dart", 0, 0, 0, 0, 0, 0, 164, 0, 0, 0, 14, 34, 212
"d:\agiaann\flutter-clean-architecture-instagram-1\lib\presentation\customPackages\story_view\story_image_for_web.dart", "Dart", 0, 0, 0, 0, 0, 0, 96, 0, 0, 0, 4, 13, 113
"d:\agiaann\flutter-clean-architecture-instagram-1\lib\presentation\customPackages\story_view\story_video.dart", "Dart", 0, 0, 0, 0, 0, 0, 133, 0, 0, 0, 1, 24, 158
"d:\agiaann\flutter-clean-architecture-instagram-1\lib\presentation\customPackages\story_view\story_view.dart", "Dart", 0, 0, 0, 0, 0, 0, 738, 0, 0, 0, 70, 85, 893
"d:\agiaann\flutter-clean-architecture-instagram-1\lib\presentation\customPackages\story_view\utils.dart", "Dart", 0, 0, 0, 0, 0, 0, 18, 0, 0, 0, 0, 8, 26
"d:\agiaann\flutter-clean-architecture-instagram-1\lib\presentation\pages\activity\activity_for_mobile.dart", "Dart", 0, 0, 0, 0, 0, 0, 164, 0, 0, 0, 1, 14, 179
"d:\agiaann\flutter-clean-architecture-instagram-1\lib\presentation\pages\activity\activity_for_web.dart", "Dart", 0, 0, 0, 0, 0, 0, 27, 0, 0, 0, 0, 3, 30
"d:\agiaann\flutter-clean-architecture-instagram-1\lib\presentation\pages\comments\comments_for_mobile.dart", "Dart", 0, 0, 0, 0, 0, 0, 38, 0, 0, 0, 0, 6, 44
"d:\agiaann\flutter-clean-architecture-instagram-1\lib\presentation\pages\comments\commnets_for_web.dart", "Dart", 0, 0, 0, 0, 0, 0, 8, 0, 0, 0, 0, 3, 11
"d:\agiaann\flutter-clean-architecture-instagram-1\lib\presentation\pages\messages\chatting_page.dart", "Dart", 0, 0, 0, 0, 0, 0, 171, 0, 0, 0, 1, 17, 189
"d:\agiaann\flutter-clean-architecture-instagram-1\lib\presentation\pages\messages\messages_for_web.dart", "Dart", 0, 0, 0, 0, 0, 0, 233, 0, 0, 0, 0, 15, 248
"d:\agiaann\flutter-clean-architecture-instagram-1\lib\presentation\pages\messages\messages_page_for_mobile.dart", "Dart", 0, 0, 0, 0, 0, 0, 32, 0, 0, 0, 0, 4, 36
"d:\agiaann\flutter-clean-architecture-instagram-1\lib\presentation\pages\messages\ringing_page.dart", "Dart", 0, 0, 0, 0, 0, 0, 160, 0, 0, 0, 0, 10, 170
"d:\agiaann\flutter-clean-architecture-instagram-1\lib\presentation\pages\messages\select_for_group_chat.dart", "Dart", 0, 0, 0, 0, 0, 0, 290, 0, 0, 0, 0, 14, 304
"d:\agiaann\flutter-clean-architecture-instagram-1\lib\presentation\pages\messages\video_call_page.dart", "Dart", 0, 0, 0, 0, 0, 0, 352, 0, 0, 0, 11, 29, 392
"d:\agiaann\flutter-clean-architecture-instagram-1\lib\presentation\pages\messages\wait_call_page.dart", "Dart", 0, 0, 0, 0, 0, 0, 104, 0, 0, 0, 1, 11, 116
"d:\agiaann\flutter-clean-architecture-instagram-1\lib\presentation\pages\profile\create_post_page.dart", "Dart", 0, 0, 0, 0, 0, 0, 233, 0, 0, 0, 0, 18, 251
"d:\agiaann\flutter-clean-architecture-instagram-1\lib\presentation\pages\profile\edit_profile_page.dart", "Dart", 0, 0, 0, 0, 0, 0, 369, 0, 0, 0, 0, 31, 400
"d:\agiaann\flutter-clean-architecture-instagram-1\lib\presentation\pages\profile\followers_info_page.dart", "Dart", 0, 0, 0, 0, 0, 0, 138, 0, 0, 0, 0, 11, 149
"d:\agiaann\flutter-clean-architecture-instagram-1\lib\presentation\pages\profile\personal_profile_page.dart", "Dart", 0, 0, 0, 0, 0, 0, 398, 0, 0, 0, 0, 31, 429
"d:\agiaann\flutter-clean-architecture-instagram-1\lib\presentation\pages\profile\user_profile_page.dart", "Dart", 0, 0, 0, 0, 0, 0, 364, 0, 0, 0, 2, 26, 392
"d:\agiaann\flutter-clean-architecture-instagram-1\lib\presentation\pages\profile\users_who_likes.dart", "Dart", 0, 0, 0, 0, 0, 0, 49, 0, 0, 0, 0, 5, 54
"d:\agiaann\flutter-clean-architecture-instagram-1\lib\presentation\pages\profile\users_who_likes_for_mobile.dart", "Dart", 0, 0, 0, 0, 0, 0, 38, 0, 0, 0, 0, 5, 43
"d:\agiaann\flutter-clean-architecture-instagram-1\lib\presentation\pages\profile\users_who_likes_for_web.dart", "Dart", 0, 0, 0, 0, 0, 0, 50, 0, 0, 0, 0, 5, 55
"d:\agiaann\flutter-clean-architecture-instagram-1\lib\presentation\pages\register\login_page.dart", "Dart", 0, 0, 0, 0, 0, 0, 129, 0, 0, 0, 0, 13, 142
"d:\agiaann\flutter-clean-architecture-instagram-1\lib\presentation\pages\register\sign_up_page.dart", "Dart", 0, 0, 0, 0, 0, 0, 341, 0, 0, 0, 0, 26, 367
"d:\agiaann\flutter-clean-architecture-instagram-1\lib\presentation\pages\shop\shop_page.dart", "Dart", 0, 0, 0, 0, 0, 0, 15, 0, 0, 0, 0, 3, 18
"d:\agiaann\flutter-clean-architecture-instagram-1\lib\presentation\pages\story\create_story.dart", "Dart", 0, 0, 0, 0, 0, 0, 151, 0, 0, 0, 0, 12, 163
"d:\agiaann\flutter-clean-architecture-instagram-1\lib\presentation\pages\story\story_for_web.dart", "Dart", 0, 0, 0, 0, 0, 0, 479, 0, 0, 0, 2, 26, 507
"d:\agiaann\flutter-clean-architecture-instagram-1\lib\presentation\pages\story\story_page_for_mobile.dart", "Dart", 0, 0, 0, 0, 0, 0, 340, 0, 0, 0, 0, 26, 366
"d:\agiaann\flutter-clean-architecture-instagram-1\lib\presentation\pages\time_line\all_user_time_line\all_users_time_line.dart", "Dart", 0, 0, 0, 0, 0, 0, 143, 0, 0, 0, 0, 10, 153
"d:\agiaann\flutter-clean-architecture-instagram-1\lib\presentation\pages\time_line\all_user_time_line\search_about_user.dart", "Dart", 0, 0, 0, 0, 0, 0, 128, 0, 0, 0, 1, 11, 140
"d:\agiaann\flutter-clean-architecture-instagram-1\lib\presentation\pages\time_line\my_own_time_line\home_page.dart", "Dart", 0, 0, 0, 0, 0, 0, 796, 0, 0, 0, 1, 46, 843
"d:\agiaann\flutter-clean-architecture-instagram-1\lib\presentation\pages\time_line\my_own_time_line\update_post_info.dart", "Dart", 0, 0, 0, 0, 0, 0, 199, 0, 0, 0, 0, 13, 212
"d:\agiaann\flutter-clean-architecture-instagram-1\lib\presentation\pages\video\play_this_video.dart", "Dart", 0, 0, 0, 0, 0, 0, 113, 0, 0, 0, 0, 10, 123
"d:\agiaann\flutter-clean-architecture-instagram-1\lib\presentation\pages\video\videos_page.dart", "Dart", 0, 0, 0, 0, 0, 0, 443, 0, 0, 0, 0, 30, 473
"d:\agiaann\flutter-clean-architecture-instagram-1\lib\presentation\screens\mobile_screen_layout.dart", "Dart", 0, 0, 0, 0, 0, 0, 125, 0, 0, 0, 0, 15, 140
"d:\agiaann\flutter-clean-architecture-instagram-1\lib\presentation\screens\responsive_layout.dart", "Dart", 0, 0, 0, 0, 0, 0, 15, 0, 0, 0, 0, 3, 18
"d:\agiaann\flutter-clean-architecture-instagram-1\lib\presentation\screens\web_screen_layout.dart", "Dart", 0, 0, 0, 0, 0, 0, 286, 0, 0, 0, 0, 22, 308
"d:\agiaann\flutter-clean-architecture-instagram-1\lib\presentation\widgets\belong_to\comments_w\comment_box.dart", "Dart", 0, 0, 0, 0, 0, 0, 230, 0, 0, 0, 1, 13, 244
"d:\agiaann\flutter-clean-architecture-instagram-1\lib\presentation\widgets\belong_to\comments_w\comment_of_post.dart", "Dart", 0, 0, 0, 0, 0, 0, 255, 0, 0, 0, 0, 27, 282
"d:\agiaann\flutter-clean-architecture-instagram-1\lib\presentation\widgets\belong_to\comments_w\commentator.dart", "Dart", 0, 0, 0, 0, 0, 0, 399, 0, 0, 0, 2, 18, 419
"d:\agiaann\flutter-clean-architecture-instagram-1\lib\presentation\widgets\belong_to\messages_w\chat_messages.dart", "Dart", 0, 0, 0, 0, 0, 0, 1122, 0, 0, 0, 1, 68, 1191
"d:\agiaann\flutter-clean-architecture-instagram-1\lib\presentation\widgets\belong_to\messages_w\chat_page_component\send_message_button.dart", "Dart", 0, 0, 0, 0, 0, 0, 0, 0, 0, 0, 0, 2, 2
"d:\agiaann\flutter-clean-architecture-instagram-1\lib\presentation\widgets\belong_to\messages_w\chat_page_component\shared_message.dart", "Dart", 0, 0, 0, 0, 0, 0, 148, 0, 0, 0, 0, 7, 155
"d:\agiaann\flutter-clean-architecture-instagram-1\lib\presentation\widgets\belong_to\messages_w\list_of_messages.dart", "Dart", 0, 0, 0, 0, 0, 0, 222, 0, 0, 0, 0, 10, 232
"d:\agiaann\flutter-clean-architecture-instagram-1\lib\presentation\widgets\belong_to\messages_w\record_view.dart", "Dart", 0, 0, 0, 0, 0, 0, 119, 0, 0, 0, 1, 13, 133
"d:\agiaann\flutter-clean-architecture-instagram-1\lib\presentation\widgets\belong_to\profile_w\bottom_sheet.dart", "Dart", 0, 0, 0, 0, 0, 0, 52, 0, 0, 0, 0, 5, 57
"d:\agiaann\flutter-clean-architecture-instagram-1\lib\presentation\widgets\belong_to\profile_w\custom_videos_grid_view.dart", "Dart", 0, 0, 0, 0, 0, 0, 54, 0, 0, 0, 0, 7, 61
"d:\agiaann\flutter-clean-architecture-instagram-1\lib\presentation\widgets\belong_to\profile_w\draggable_bottom_sheet.dart", "Dart", 0, 0, 0, 0, 0, 0, 8, 0, 0, 0, 0, 3, 11
"d:\agiaann\flutter-clean-architecture-instagram-1\lib\presentation\widgets\belong_to\profile_w\profile_grid_view.dart", "Dart", 0, 0, 0, 0, 0, 0, 52, 0, 0, 0, 0, 7, 59
"d:\agiaann\flutter-clean-architecture-instagram-1\lib\presentation\widgets\belong_to\profile_w\profile_page.dart", "Dart", 0, 0, 0, 0, 0, 0, 466, 0, 0, 0, 0, 19, 485
"d:\agiaann\flutter-clean-architecture-instagram-1\lib\presentation\widgets\belong_to\profile_w\recommendation_people.dart", "Dart", 0, 0, 0, 0, 0, 0, 24, 0, 0, 0, 0, 3, 27
"d:\agiaann\flutter-clean-architecture-instagram-1\lib\presentation\widgets\belong_to\profile_w\show_me_the_users.dart", "Dart", 0, 0, 0, 0, 0, 0, 201, 0, 0, 0, 1, 13, 215
"d:\agiaann\flutter-clean-architecture-instagram-1\lib\presentation\widgets\belong_to\profile_w\which_profile_page.dart", "Dart", 0, 0, 0, 0, 0, 0, 34, 0, 0, 0, 0, 4, 38
"d:\agiaann\flutter-clean-architecture-instagram-1\lib\presentation\widgets\belong_to\register_w\get_my_user_info.dart", "Dart", 0, 0, 0, 0, 0, 0, 47, 0, 0, 0, 0, 5, 52
"d:\agiaann\flutter-clean-architecture-instagram-1\lib\presentation\widgets\belong_to\register_w\or_text.dart", "Dart", 0, 0, 0, 0, 0, 0, 33, 0, 0, 0, 0, 3, 36
"d:\agiaann\flutter-clean-architecture-instagram-1\lib\presentation\widgets\belong_to\register_w\popup_calling.dart", "Dart", 0, 0, 0, 0, 0, 0, 42, 0, 0, 0, 0, 7, 49
"d:\agiaann\flutter-clean-architecture-instagram-1\lib\presentation\widgets\belong_to\register_w\register_widgets.dart", "Dart", 0, 0, 0, 0, 0, 0, 229, 0, 0, 0, 0, 11, 240
"d:\agiaann\flutter-clean-architecture-instagram-1\lib\presentation\widgets\belong_to\screens_w.dart", "Dart", 0, 0, 0, 0, 0, 0, 30, 0, 0, 0, 0, 5, 35
"d:\agiaann\flutter-clean-architecture-instagram-1\lib\presentation\widgets\belong_to\story_w\story_swipe.dart", "Dart", 0, 0, 0, 0, 0, 0, 89, 0, 0, 0, 18, 16, 123
"d:\agiaann\flutter-clean-architecture-instagram-1\lib\presentation\widgets\belong_to\time_line_w\all_catch_up_icon.dart", "Dart", 0, 0, 0, 0, 0, 0, 49, 0, 0, 0, 0, 4, 53
"d:\agiaann\flutter-clean-architecture-instagram-1\lib\presentation\widgets\belong_to\time_line_w\all_time_line_grid_view.dart", "Dart", 0, 0, 0, 0, 0, 0, 148, 0, 0, 0, 0, 13, 161
"d:\agiaann\flutter-clean-architecture-instagram-1\lib\presentation\widgets\belong_to\time_line_w\animated_dialog.dart", "Dart", 0, 0, 0, 0, 0, 0, 40, 0, 0, 0, 0, 9, 49
"d:\agiaann\flutter-clean-architecture-instagram-1\lib\presentation\widgets\belong_to\time_line_w\image_of_post_for_time_line.dart", "Dart", 0, 0, 0, 0, 0, 0, 301, 0, 0, 0, 1, 20, 322
"d:\agiaann\flutter-clean-architecture-instagram-1\lib\presentation\widgets\belong_to\time_line_w\image_slider.dart", "Dart", 0, 0, 0, 0, 0, 0, 164, 0, 0, 0, 0, 6, 170
"d:\agiaann\flutter-clean-architecture-instagram-1\lib\presentation\widgets\belong_to\time_line_w\picture_viewer.dart", "Dart", 0, 0, 0, 0, 0, 0, 0, 0, 0, 0, 0, 2, 2
"d:\agiaann\flutter-clean-architecture-instagram-1\lib\presentation\widgets\belong_to\time_line_w\points_scroll_bar.dart", "Dart", 0, 0, 0, 0, 0, 0, 38, 0, 0, 0, 0, 4, 42
"d:\agiaann\flutter-clean-architecture-instagram-1\lib\presentation\widgets\belong_to\time_line_w\read_more_text.dart", "Dart", 0, 0, 0, 0, 0, 0, 23, 0, 0, 0, 0, 2, 25
"d:\agiaann\flutter-clean-architecture-instagram-1\lib\presentation\widgets\belong_to\time_line_w\send_to_users.dart", "Dart", 0, 0, 0, 0, 0, 0, 245, 0, 0, 0, 0, 14, 259
"d:\agiaann\flutter-clean-architecture-instagram-1\lib\presentation\widgets\belong_to\time_line_w\smart_refresher.dart", "Dart", 0, 0, 0, 0, 0, 0, 171, 0, 0, 0, 0, 14, 185
"d:\agiaann\flutter-clean-architecture-instagram-1\lib\presentation\widgets\belong_to\time_line_w\which_post_view.dart", "Dart", 0, 0, 0, 0, 0, 0, 0, 0, 0, 0, 0, 2, 2
"d:\agiaann\flutter-clean-architecture-instagram-1\lib\presentation\widgets\belong_to\videos_w\reel_video_play.dart", "Dart", 0, 0, 0, 0, 0, 0, 118, 0, 0, 0, 0, 12, 130
"d:\agiaann\flutter-clean-architecture-instagram-1\lib\presentation\widgets\global\aimation\fade_animation.dart", "Dart", 0, 0, 0, 0, 0, 0, 51, 0, 0, 0, 0, 11, 62
"d:\agiaann\flutter-clean-architecture-instagram-1\lib\presentation\widgets\global\aimation\like_popup_animation.dart", "Dart", 0, 0, 0, 0, 0, 0, 65, 0, 0, 0, 0, 9, 74
"d:\agiaann\flutter-clean-architecture-instagram-1\lib\presentation\widgets\global\circle_avatar_image\circle_avatar_name.dart", "Dart", 0, 0, 0, 0, 0, 0, 26, 0, 0, 0, 0, 4, 30
"d:\agiaann\flutter-clean-architecture-instagram-1\lib\presentation\widgets\global\circle_avatar_image\circle_avatar_of_profile_image.dart", "Dart", 0, 0, 0, 0, 0, 0, 204, 0, 0, 0, 0, 18, 222
"d:\agiaann\flutter-clean-architecture-instagram-1\lib\presentation\widgets\global\custom_widgets\custom_app_bar.dart", "Dart", 0, 0, 0, 0, 0, 0, 251, 0, 0, 0, 0, 11, 262
"d:\agiaann\flutter-clean-architecture-instagram-1\lib\presentation\widgets\global\custom_widgets\custom_circulars_progress.dart", "Dart", 0, 0, 0, 0, 0, 0, 38, 0, 0, 0, 0, 6, 44
"d:\agiaann\flutter-clean-architecture-instagram-1\lib\presentation\widgets\global\custom_widgets\custom_elevated_button.dart", "Dart", 0, 0, 0, 0, 0, 0, 80, 0, 0, 0, 0, 7, 87
"d:\agiaann\flutter-clean-architecture-instagram-1\lib\presentation\widgets\global\custom_widgets\custom_gallery_display.dart", "Dart", 0, 0, 0, 0, 0, 0, 83, 0, 0, 0, 1, 8, 92
"d:\agiaann\flutter-clean-architecture-instagram-1\lib\presentation\widgets\global\custom_widgets\custom_grid_view_display.dart", "Dart", 0, 0, 0, 0, 0, 0, 108, 0, 0, 0, 0, 9, 117
"d:\agiaann\flutter-clean-architecture-instagram-1\lib\presentation\widgets\global\custom_widgets\custom_linears_progress.dart", "Dart", 0, 0, 0, 0, 0, 0, 9, 0, 0, 0, 0, 3, 12
"d:\agiaann\flutter-clean-architecture-instagram-1\lib\presentation\widgets\global\custom_widgets\custom_memory_image_display.dart", "Dart", 0, 0, 0, 0, 0, 0, 66, 0, 0, 0, 1, 9, 76
"d:\agiaann\flutter-clean-architecture-instagram-1\lib\presentation\widgets\global\custom_widgets\custom_multi_posts_display.dart", "Dart", 0, 0, 0, 0, 0, 0, 56, 0, 0, 0, 0, 3, 59
"d:\agiaann\flutter-clean-architecture-instagram-1\lib\presentation\widgets\global\custom_widgets\custom_network_image_display.dart", "Dart", 0, 0, 0, 0, 0, 0, 104, 0, 0, 0, 1, 12, 117
"d:\agiaann\flutter-clean-architecture-instagram-1\lib\presentation\widgets\global\custom_widgets\custom_popup_menu_card.dart", "Dart", 0, 0, 0, 0, 0, 0, 0, 0, 0, 0, 0, 2, 2
"d:\agiaann\flutter-clean-architecture-instagram-1\lib\presentation\widgets\global\custom_widgets\custom_post_display.dart", "Dart", 0, 0, 0, 0, 0, 0, 100, 0, 0, 0, 0, 8, 108
"d:\agiaann\flutter-clean-architecture-instagram-1\lib\presentation\widgets\global\custom_widgets\custom_posts_display.dart", "Dart", 0, 0, 0, 0, 0, 0, 121, 0, 0, 0, 0, 14, 135
"d:\agiaann\flutter-clean-architecture-instagram-1\lib\presentation\widgets\global\custom_widgets\custom_share_button.dart", "Dart", 0, 0, 0, 0, 0, 0, 135, 0, 0, 0, 1, 9, 145
"d:\agiaann\flutter-clean-architecture-instagram-1\lib\presentation\widgets\global\custom_widgets\custom_smart_refresh.dart", "Dart", 0, 0, 0, 0, 0, 0, 96, 0, 0, 0, 0, 10, 106
"d:\agiaann\flutter-clean-architecture-instagram-1\lib\presentation\widgets\global\custom_widgets\custom_text_field.dart", "Dart", 0, 0, 0, 0, 0, 0, 94, 0, 0, 0, 0, 10, 104
"d:\agiaann\flutter-clean-architecture-instagram-1\lib\presentation\widgets\global\custom_widgets\get_post_info.dart", "Dart", 0, 0, 0, 0, 0, 0, 76, 0, 0, 0, 0, 3, 79
"d:\agiaann\flutter-clean-architecture-instagram-1\lib\presentation\widgets\global\others\count_of_likes.dart", "Dart", 0, 0, 0, 0, 0, 0, 42, 0, 0, 0, 0, 4, 46
"d:\agiaann\flutter-clean-architecture-instagram-1\lib\presentation\widgets\global\others\image_of_post.dart", "Dart", 0, 0, 0, 0, 0, 0, 780, 0, 0, 0, 1, 47, 828
"d:\agiaann\flutter-clean-architecture-instagram-1\lib\presentation\widgets\global\others\multi_bloc_provider.dart", "Dart", 0, 0, 0, 0, 0, 0, 103, 0, 0, 0, 0, 4, 107
"d:\agiaann\flutter-clean-architecture-instagram-1\lib\presentation\widgets\global\others\notification_card_info.dart", "Dart", 0, 0, 0, 0, 0, 0, 155, 0, 0, 0, 0, 8, 163
"d:\agiaann\flutter-clean-architecture-instagram-1\lib\presentation\widgets\global\others\share_button.dart", "Dart", 0, 0, 0, 0, 0, 0, 205, 0, 0, 0, 0, 16, 221
"d:\agiaann\flutter-clean-architecture-instagram-1\lib\presentation\widgets\global\popup_widgets\common\get_users_info.dart", "Dart", 0, 0, 0, 0, 0, 0, 63, 0, 0, 0, 0, 6, 69
"d:\agiaann\flutter-clean-architecture-instagram-1\lib\presentation\widgets\global\popup_widgets\common\head_of_popup_widget.dart", "Dart", 0, 0, 0, 0, 0, 0, 43, 0, 0, 0, 0, 3, 46
"d:\agiaann\flutter-clean-architecture-instagram-1\lib\presentation\widgets\global\popup_widgets\common\jump_arrow.dart", "Dart", 0, 0, 0, 0, 0, 0, 40, 0, 0, 0, 0, 6, 46
"d:\agiaann\flutter-clean-architecture-instagram-1\lib\presentation\widgets\global\popup_widgets\common\volume_icon.dart", "Dart", 0, 0, 0, 0, 0, 0, 25, 0, 0, 0, 0, 4, 29
"d:\agiaann\flutter-clean-architecture-instagram-1\lib\presentation\widgets\global\popup_widgets\mobile\popup_post.dart", "Dart", 0, 0, 0, 0, 0, 0, 556, 0, 0, 0, 0, 40, 596
"d:\agiaann\flutter-clean-architecture-instagram-1\lib\presentation\widgets\global\popup_widgets\web\follow_card.dart", "Dart", 0, 0, 0, 0, 0, 0, 53, 0, 0, 0, 0, 5, 58
"d:\agiaann\flutter-clean-architecture-instagram-1\lib\presentation\widgets\global\popup_widgets\web\menu_card.dart", "Dart", 0, 0, 0, 0, 0, 0, 59, 0, 0, 0, 0, 5, 64
"d:\agiaann\flutter-clean-architecture-instagram-1\lib\presentation\widgets\global\popup_widgets\web\new_post.dart", "Dart", 0, 0, 0, 0, 0, 0, 704, 0, 0, 0, 4, 28, 736
"d:\agiaann\flutter-clean-architecture-instagram-1\lib\presentation\widgets\global\popup_widgets\web\share_post.dart", "Dart", 0, 0, 0, 0, 0, 0, 246, 0, 0, 0, 1, 15, 262
"d:\agiaann\flutter-clean-architecture-instagram-1\linux\flutter\generated_plugin_registrant.cc", "C++", 0, 0, 7, 0, 0, 0, 0, 0, 0, 0, 4, 5, 16
"d:\agiaann\flutter-clean-architecture-instagram-1\linux\flutter\generated_plugin_registrant.h", "C++", 0, 0, 5, 0, 0, 0, 0, 0, 0, 0, 5, 6, 16
"d:\agiaann\flutter-clean-architecture-instagram-1\linux\main.cc", "C++", 0, 0, 5, 0, 0, 0, 0, 0, 0, 0, 0, 2, 7
"d:\agiaann\flutter-clean-architecture-instagram-1\linux\my_application.cc", "C++", 0, 0, 74, 0, 0, 0, 0, 0, 0, 0, 11, 20, 105
"d:\agiaann\flutter-clean-architecture-instagram-1\linux\my_application.h", "C++", 0, 0, 7, 0, 0, 0, 0, 0, 0, 0, 7, 5, 19
"d:\agiaann\flutter-clean-architecture-instagram-1\macos\Flutter\GeneratedPluginRegistrant.swift", "Swift", 0, 30, 0, 0, 0, 0, 0, 0, 0, 0, 3, 4, 37
"d:\agiaann\flutter-clean-architecture-instagram-1\macos\Runner\AppDelegate.swift", "Swift", 0, 8, 0, 0, 0, 0, 0, 0, 0, 0, 0, 2, 10
"d:\agiaann\flutter-clean-architecture-instagram-1\macos\Runner\Assets.xcassets\AppIcon.appiconset\Contents.json", "JSON", 0, 0, 0, 0, 0, 68, 0, 0, 0, 0, 0, 1, 69
"d:\agiaann\flutter-clean-architecture-instagram-1\macos\Runner\Base.lproj\MainMenu.xib", "XML", 0, 0, 0, 0, 343, 0, 0, 0, 0, 0, 0, 1, 344
"d:\agiaann\flutter-clean-architecture-instagram-1\macos\Runner\MainFlutterWindow.swift", "Swift", 0, 12, 0, 0, 0, 0, 0, 0, 0, 0, 0, 4, 16
"d:\agiaann\flutter-clean-architecture-instagram-1\pubspec.yaml", "YAML", 71, 0, 0, 0, 0, 0, 0, 0, 0, 0, 64, 17, 152
"d:\agiaann\flutter-clean-architecture-instagram-1\test\widget_test.dart", "Dart", 0, 0, 0, 0, 0, 0, 0, 0, 0, 0, 30, 1, 31
"d:\agiaann\flutter-clean-architecture-instagram-1\web\index.html", "HTML", 0, 0, 0, 0, 0, 0, 0, 0, 0, 43, 16, 7, 66
"d:\agiaann\flutter-clean-architecture-instagram-1\web\manifest.json", "JSON", 0, 0, 0, 0, 0, 35, 0, 0, 0, 0, 0, 1, 36
"d:\agiaann\flutter-clean-architecture-instagram-1\windows\flutter\generated_plugin_registrant.cc", "C++", 0, 0, 12, 0, 0, 0, 0, 0, 0, 0, 4, 5, 21
"d:\agiaann\flutter-clean-architecture-instagram-1\windows\flutter\generated_plugin_registrant.h", "C++", 0, 0, 5, 0, 0, 0, 0, 0, 0, 0, 5, 6, 16
"d:\agiaann\flutter-clean-architecture-instagram-1\windows\runner\flutter_window.cpp", "C++", 0, 0, 45, 0, 0, 0, 0, 0, 0, 0, 4, 13, 62
"d:\agiaann\flutter-clean-architecture-instagram-1\windows\runner\flutter_window.h", "C++", 0, 0, 20, 0, 0, 0, 0, 0, 0, 0, 5, 9, 34
"d:\agiaann\flutter-clean-architecture-instagram-1\windows\runner\main.cpp", "C++", 0, 0, 30, 0, 0, 0, 0, 0, 0, 0, 4, 10, 44
"d:\agiaann\flutter-clean-architecture-instagram-1\windows\runner\resource.h", "C++", 0, 0, 9, 0, 0, 0, 0, 0, 0, 0, 6, 2, 17
"d:\agiaann\flutter-clean-architecture-instagram-1\windows\runner\utils.cpp", "C++", 0, 0, 53, 0, 0, 0, 0, 0, 0, 0, 2, 10, 65
"d:\agiaann\flutter-clean-architecture-instagram-1\windows\runner\utils.h", "C++", 0, 0, 8, 0, 0, 0, 0, 0, 0, 0, 6, 6, 20
"d:\agiaann\flutter-clean-architecture-instagram-1\windows\runner\win32_window.cpp", "C++", 0, 0, 183, 0, 0, 0, 0, 0, 0, 0, 15, 48, 246
"d:\agiaann\flutter-clean-architecture-instagram-1\windows\runner\win32_window.h", "C++", 0, 0, 48, 0, 0, 0, 0, 0, 0, 0, 29, 22, 99
"Total", "-", 206, 62, 512, 166, 578, 248, 26449, 8, 111, 43, 666, 3211, 32260